{
    "rmse": 0.7619582553101464,
    "mae": 0.633613680913334,
    "r2": 0.03468880866201984
}